applicant,process,rental_type,tenancy_status,claim_code,n,granted,dismissed,settled,other
Landlord,DirectRequest,Home,InUnit,102,4,0,2,0,2
Landlord,DirectRequest,Home,InUnit,103,1,0,0,0,1
Landlord,DirectRequest,Home,InUnit,107,1,0,0,0,1
Landlord,DirectRequest,Home,InUnit,108,1,0,0,0,1
Landlord,DirectRequest,Home,InUnit,111,8630,7761,855,0,14
Landlord,DirectRequest,Home,InUnit,114,1,0,0,0,1
Landlord,DirectRequest,Home,InUnit,123,8699,7810,870,0,19
Landlord,DirectRequest,Home,InUnit,124,281,191,64,0,26
Landlord,DirectRequest,Home,InUnit,125,7592,5467,2106,0,19
Landlord,DirectRequest,Home,InUnit,126,260,131,101,0,28
Landlord,DirectRequest,Home,InUnit,143,871,817,51,0,3
Landlord,DirectRequest,Home,InUnit,144,7,5,1,0,1
Landlord,DirectRequest,Home,InUnit,145,53,51,2,0,0
Landlord,DirectRequest,Home,InUnit,146,74,64,10,0,0
Landlord,DirectRequest,Home,InUnit,226,1,0,0,0,1
Landlord,DirectRequest,Home,InUnit,227,1,0,0,0,1
Landlord,DirectRequest,Home,MovedOut,111,1,0,1,0,0
Landlord,DirectRequest,Home,MovedOut,127,1,0,1,0,0
Landlord,DirectRequest,Home,MovedOut,129,1,0,1,0,0
Landlord,DirectRequest,Home,MovedOut,136,1,1,0,0,0
Landlord,DirectRequest,Home,MovedOut,142,1,0,1,0,0
Landlord,DirectRequest,ManufHome,InUnit,111,88,71,15,0,2
Landlord,DirectRequest,ManufHome,InUnit,123,79,65,14,0,0
Landlord,DirectRequest,ManufHome,InUnit,124,2,0,1,0,1
Landlord,DirectRequest,ManufHome,InUnit,125,69,25,43,0,1
Landlord,DirectRequest,ManufHome,InUnit,126,2,0,1,0,1
Landlord,DirectRequest,ManufHome,InUnit,143,14,14,0,0,0
Landlord,Participatory,Home,InUnit,101,12,5,4,2,1
Landlord,Participatory,Home,InUnit,102,1136,722,217,128,69
Landlord,Participatory,Home,InUnit,103,111,50,30,17,14
Landlord,Participatory,Home,InUnit,104,496,273,115,62,46
Landlord,Participatory,Home,InUnit,105,19,15,2,1,1
Landlord,Participatory,Home,InUnit,106,48,6,28,7,7
Landlord,Participatory,Home,InUnit,107,243,77,102,19,45
Landlord,Participatory,Home,InUnit,108,636,393,130,64,49
Landlord,Participatory,Home,InUnit,110,292,96,127,29,40
Landlord,Participatory,Home,InUnit,111,4255,2723,880,513,139
Landlord,Participatory,Home,InUnit,113,1022,500,310,168,44
Landlord,Participatory,Home,InUnit,114,19,3,9,4,3
Landlord,Participatory,Home,InUnit,122,92,55,18,9,10
Landlord,Participatory,Home,InUnit,123,1278,843,212,143,80
Landlord,Participatory,Home,InUnit,124,85,52,17,5,11
Landlord,Participatory,Home,InUnit,125,1106,753,180,126,47
Landlord,Participatory,Home,InUnit,126,81,52,17,5,7
Landlord,Participatory,Home,InUnit,127,173,73,63,12,25
Landlord,Participatory,Home,InUnit,128,1036,696,172,113,55
Landlord,Participatory,Home,InUnit,129,376,154,125,42,55
Landlord,Participatory,Home,InUnit,131,16,10,3,1,2
Landlord,Participatory,Home,InUnit,132,32,8,14,8,2
Landlord,Participatory,Home,InUnit,141,26,0,8,16,2
Landlord,Participatory,Home,InUnit,142,1553,1082,197,141,133
Landlord,Participatory,Home,InUnit,143,152,97,26,20,9
Landlord,Participatory,Home,InUnit,144,1,0,0,1,0
Landlord,Participatory,Home,InUnit,145,7,4,2,0,1
Landlord,Participatory,Home,InUnit,146,14,5,2,5,2
Landlord,Participatory,Home,InUnit,148,35,17,8,9,1
Landlord,Participatory,Home,InUnit,149,1,0,0,1,0
Landlord,Participatory,Home,InUnit,150,16,9,1,6,0
Landlord,Participatory,Home,InUnit,151,22,14,2,4,2
Landlord,Participatory,Home,InUnit,152,9,0,0,6,3
Landlord,Participatory,Home,InUnit,153,5,0,0,1,4
Landlord,Participatory,Home,InUnit,154,4,0,0,1,3
Landlord,Participatory,Home,InUnit,226,146,47,50,19,30
Landlord,Participatory,Home,InUnit,227,187,100,32,40,15
Landlord,Participatory,Home,MovedOut,102,2,0,1,0,1
Landlord,Participatory,Home,MovedOut,107,741,370,230,61,80
Landlord,Participatory,Home,MovedOut,108,1015,615,215,104,81
Landlord,Participatory,Home,MovedOut,110,1011,493,352,87,79
Landlord,Participatory,Home,MovedOut,111,7725,4951,1676,881,217
Landlord,Participatory,Home,MovedOut,114,7,4,2,0,1
Landlord,Participatory,Home,MovedOut,122,1,0,1,0,0
Landlord,Participatory,Home,MovedOut,123,3,0,0,0,3
Landlord,Participatory,Home,MovedOut,125,3,1,0,0,2
Landlord,Participatory,Home,MovedOut,127,4387,2579,1106,544,158
Landlord,Participatory,Home,MovedOut,128,3739,2470,649,491,129
Landlord,Participatory,Home,MovedOut,129,3250,1704,961,399,186
Landlord,Participatory,Home,MovedOut,136,1856,1554,0,173,129
Landlord,Participatory,Home,MovedOut,142,6910,4294,1299,818,499
Landlord,Participatory,Home,MovedOut,152,24,0,0,19,5
Landlord,Participatory,Home,MovedOut,154,4,0,0,0,4
Landlord,Participatory,Home,MovedOut,226,1,0,0,0,1
Landlord,Participatory,ManufHome,InUnit,102,55,40,10,2,3
Landlord,Participatory,ManufHome,InUnit,104,29,18,3,5,3
Landlord,Participatory,ManufHome,InUnit,106,1,0,1,0,0
Landlord,Participatory,ManufHome,InUnit,107,5,2,0,0,3
Landlord,Participatory,ManufHome,InUnit,108,63,46,11,4,2
Landlord,Participatory,ManufHome,InUnit,110,9,4,1,1,3
Landlord,Participatory,ManufHome,InUnit,111,177,114,37,18,8
Landlord,Participatory,ManufHome,InUnit,113,16,5,7,2,2
Landlord,Participatory,ManufHome,InUnit,114,3,0,1,1,1
Landlord,Participatory,ManufHome,InUnit,122,1,1,0,0,0
Landlord,Participatory,ManufHome,InUnit,123,47,32,9,5,1
Landlord,Participatory,ManufHome,InUnit,124,2,1,0,1,0
Landlord,Participatory,ManufHome,InUnit,125,42,23,11,5,3
Landlord,Participatory,ManufHome,InUnit,126,1,0,0,1,0
Landlord,Participatory,ManufHome,InUnit,130,1,1,0,0,0
Landlord,Participatory,ManufHome,InUnit,132,1,0,1,0,0
Landlord,Participatory,ManufHome,InUnit,133,40,17,13,6,4
Landlord,Participatory,ManufHome,InUnit,134,1,0,0,0,1
Landlord,Participatory,ManufHome,InUnit,143,11,7,3,1,0
Landlord,Participatory,ManufHome,InUnit,226,3,0,2,0,1
Landlord,Participatory,ManufHome,InUnit,227,3,2,1,0,0
Landlord,Participatory,ManufHome,MovedOut,107,6,2,2,0,2
Landlord,Participatory,ManufHome,MovedOut,108,8,3,2,0,3
Landlord,Participatory,ManufHome,MovedOut,110,7,1,3,0,3
Landlord,Participatory,ManufHome,MovedOut,111,11,4,6,0,1
Landlord,Participatory,ManufHome,MovedOut,127,1,0,1,0,0
Landlord,Participatory,ManufHome,MovedOut,129,1,0,0,0,1
Landlord,Participatory,ManufHome,MovedOut,142,1,0,0,0,1
Tenant,DirectRequest,Home,MovedOut,211,1,0,0,0,1
Tenant,DirectRequest,Home,MovedOut,223,1268,858,402,0,8
Tenant,DirectRequest,Home,MovedOut,237,1054,693,353,0,8
Tenant,DirectRequest,Home,MovedOut,238,15,9,4,0,2
Tenant,DirectRequest,Home,MovedOut,239,422,284,135,0,3
Tenant,Participatory,Home,InUnit,202,825,191,343,122,169
Tenant,Participatory,Home,InUnit,203,102,27,46,18,11
Tenant,Participatory,Home,InUnit,204,106,23,28,27,28
Tenant,Participatory,Home,InUnit,205,4883,1748,1710,1099,326
Tenant,Participatory,Home,InUnit,207,1196,442,424,247,83
Tenant,Participatory,Home,InUnit,208,3899,711,2009,877,302
Tenant,Participatory,Home,InUnit,209,407,29,214,46,118
Tenant,Participatory,Home,InUnit,210,3251,497,1551,429,774
Tenant,Participatory,Home,InUnit,211,1,1,0,0,0
Tenant,Participatory,Home,InUnit,212,5520,478,2768,894,1380
Tenant,Participatory,Home,InUnit,213,386,80,182,86,38
Tenant,Participatory,Home,InUnit,214,2582,291,1160,457,674
Tenant,Participatory,Home,InUnit,215,1546,99,793,214,440
Tenant,Participatory,Home,InUnit,216,261,4,144,38,75
Tenant,Participatory,Home,InUnit,217,2416,71,1209,394,742
Tenant,Participatory,Home,InUnit,218,265,48,122,37,58
Tenant,Participatory,Home,InUnit,219,356,12,199,47,98
Tenant,Participatory,Home,InUnit,220,746,15,381,95,255
Tenant,Participatory,Home,InUnit,221,187,3,107,20,57
Tenant,Participatory,Home,InUnit,222,2095,352,935,246,562
Tenant,Participatory,Home,InUnit,223,7773,2718,3198,1369,488
Tenant,Participatory,Home,InUnit,224,257,100,80,50,27
Tenant,Participatory,Home,InUnit,225,82,5,43,9,25
Tenant,Participatory,Home,InUnit,230,486,65,268,118,35
Tenant,Participatory,Home,InUnit,231,441,91,213,110,27
Tenant,Participatory,Home,InUnit,232,16,2,5,2,7
Tenant,Participatory,Home,InUnit,233,91,12,50,16,13
Tenant,Participatory,Home,InUnit,234,25,5,13,2,5
Tenant,Participatory,Home,InUnit,235,26,6,12,7,1
Tenant,Participatory,Home,InUnit,240,33,8,11,5,9
Tenant,Participatory,Home,InUnit,241,219,4,122,43,50
Tenant,Participatory,Home,InUnit,242,4988,3409,1,1413,165
Tenant,Participatory,Home,InUnit,244,2106,1646,1,384,75
Tenant,Participatory,Home,InUnit,245,88,14,38,10,26
Tenant,Participatory,Home,InUnit,247,213,84,66,53,10
Tenant,Participatory,Home,InUnit,248,16,3,11,1,1
Tenant,Participatory,Home,InUnit,249,24,14,6,2,2
Tenant,Participatory,Home,InUnit,250,2,0,1,1,0
Tenant,Participatory,Home,InUnit,251,64,17,34,12,1
Tenant,Participatory,Home,InUnit,252,7,1,5,0,1
Tenant,Participatory,Home,InUnit,253,288,111,101,53,23
Tenant,Participatory,Home,InUnit,254,21,4,12,4,1
Tenant,Participatory,Home,InUnit,255,52,0,0,39,13
Tenant,Participatory,Home,InUnit,256,89,0,0,86,3
Tenant,Participatory,Home,InUnit,257,10,0,0,8,2
Tenant,Participatory,Home,InUnit,258,116,103,0,11,2
Tenant,Participatory,Home,MovedOut,202,6,1,3,2,0
Tenant,Participatory,Home,MovedOut,203,1,0,1,0,0
Tenant,Participatory,Home,MovedOut,204,1,0,1,0,0
Tenant,Participatory,Home,MovedOut,205,2,0,1,0,1
Tenant,Participatory,Home,MovedOut,208,11,0,8,1,2
Tenant,Participatory,Home,MovedOut,209,138,18,89,10,21
Tenant,Participatory,Home,MovedOut,210,2062,548,1121,132,261
Tenant,Participatory,Home,MovedOut,211,1061,487,340,104,130
Tenant,Participatory,Home,MovedOut,212,26,0,16,3,7
Tenant,Participatory,Home,MovedOut,214,10,0,7,2,1
Tenant,Participatory,Home,MovedOut,215,3,0,2,0,1
Tenant,Participatory,Home,MovedOut,216,269,14,159,36,60
Tenant,Participatory,Home,MovedOut,217,6,0,3,1,2
Tenant,Participatory,Home,MovedOut,218,2,0,0,1,1
Tenant,Participatory,Home,MovedOut,219,1,0,0,0,1
Tenant,Participatory,Home,MovedOut,222,14,7,5,2,0
Tenant,Participatory,Home,MovedOut,223,4531,2102,1829,368,232
Tenant,Participatory,Home,MovedOut,225,5,1,0,0,4
Tenant,Participatory,Home,MovedOut,237,713,434,146,79,54
Tenant,Participatory,Home,MovedOut,238,17,11,1,2,3
Tenant,Participatory,Home,MovedOut,239,250,156,57,25,12
Tenant,Participatory,Home,MovedOut,240,12,0,8,1,3
Tenant,Participatory,Home,MovedOut,241,91,0,59,8,24
Tenant,Participatory,Home,MovedOut,242,1,1,0,0,0
Tenant,Participatory,Home,MovedOut,243,2546,1081,1185,167,113
Tenant,Participatory,Home,MovedOut,244,5,4,0,1,0
Tenant,Participatory,Home,MovedOut,246,223,37,142,15,29
Tenant,Participatory,Home,MovedOut,255,3,0,0,2,1
Tenant,Participatory,Home,MovedOut,257,3,0,0,0,3
Tenant,Participatory,ManufHome,InUnit,202,64,21,21,11,11
Tenant,Participatory,ManufHome,InUnit,204,4,1,1,1,1
Tenant,Participatory,ManufHome,InUnit,205,249,106,64,52,27
Tenant,Participatory,ManufHome,InUnit,206,22,6,7,2,7
Tenant,Participatory,ManufHome,InUnit,207,2,2,0,0,0
Tenant,Participatory,ManufHome,InUnit,208,99,38,28,21,12
Tenant,Participatory,ManufHome,InUnit,209,18,3,10,1,4
Tenant,Participatory,ManufHome,InUnit,210,121,10,59,21,31
Tenant,Participatory,ManufHome,InUnit,212,288,48,112,51,77
Tenant,Participatory,ManufHome,InUnit,213,24,4,12,0,8
Tenant,Participatory,ManufHome,InUnit,214,55,7,25,10,13
Tenant,Participatory,ManufHome,InUnit,215,66,6,34,6,20
Tenant,Participatory,ManufHome,InUnit,216,14,2,6,0,6
Tenant,Participatory,ManufHome,InUnit,217,81,4,33,10,34
Tenant,Participatory,ManufHome,InUnit,218,11,0,4,1,6
Tenant,Participatory,ManufHome,InUnit,219,23,1,13,1,8
Tenant,Participatory,ManufHome,InUnit,220,5,0,2,0,3
Tenant,Participatory,ManufHome,InUnit,221,19,2,8,6,3
Tenant,Participatory,ManufHome,InUnit,222,40,6,12,7,15
Tenant,Participatory,ManufHome,InUnit,223,384,134,137,68,45
Tenant,Participatory,ManufHome,InUnit,224,3,2,0,1,0
Tenant,Participatory,ManufHome,InUnit,225,20,8,7,2,3
Tenant,Participatory,ManufHome,InUnit,230,10,4,5,0,1
Tenant,Participatory,ManufHome,InUnit,231,26,8,9,5,4
Tenant,Participatory,ManufHome,InUnit,236,1,0,1,0,0
Tenant,Participatory,ManufHome,InUnit,240,1,0,0,0,1
Tenant,Participatory,ManufHome,InUnit,241,2,0,1,0,1
Tenant,Participatory,ManufHome,InUnit,242,111,78,0,27,6
Tenant,Participatory,ManufHome,InUnit,244,24,21,0,1,2
Tenant,Participatory,ManufHome,InUnit,256,4,0,0,4,0
Tenant,Participatory,ManufHome,MovedOut,209,4,1,1,1,1
Tenant,Participatory,ManufHome,MovedOut,210,35,5,18,2,10
Tenant,Participatory,ManufHome,MovedOut,211,3,0,2,0,1
Tenant,Participatory,ManufHome,MovedOut,216,13,3,4,0,6
Tenant,Participatory,ManufHome,MovedOut,218,1,0,0,0,1
Tenant,Participatory,ManufHome,MovedOut,223,16,4,8,1,3
Tenant,Participatory,ManufHome,MovedOut,225,2,1,1,0,0
Tenant,Participatory,ManufHome,MovedOut,243,3,0,2,0,1
